feature,mean_abs_shap,rank,importance_percent
flow,0.006430848296474609,1,37.428006776884956
month,0.00412171331354664,2,23.988672523401
hour,0.0024808396684927922,3,14.43866806430735
supply_pressure,0.0010390401060796138,4,6.047289306003705
e_diff,0.0009108440959563128,5,5.301179164003489
day,0.0009023582303545165,6,5.2517908064168415
return_pressure,0.0008758321482247625,7,5.0974070710298784
return_temp,0.0003214765877916904,8,1.87101722070995
supply_temp,9.896251534260528e-05,9,0.5759690672428283
year,0.0,10,0.0
